{
  "controller/App.controller.js.map": 1646857315356,
  "i18n/i18n_de.properties": 1646857315608,
  "i18n/i18n_en.properties": 1646857315642,
  "manifest.json": 1646857918605,
  "controller/Main.controller.js": 1646857315577,
  "controller/BaseController.js": 1646857315512,
  "controller/App.controller.js": 1646857315387,
  "Component.js": 1646857315309,
  "manifest-bundle.zip": 1646857918710,
  "Component-preload.js": 1646857920622,
  "controller/App-dbg.controller.js": 1646857315387,
  "controller/BaseController-dbg.js": 1646857315512,
  "controller/Main-dbg.controller.js": 1646857315577,
  "Component-dbg.js": 1646857315309,
  "view/Main.view.xml": 1646857315725,
  "view/App.view.xml": 1646857315705,
  "controller/Main.controller.js.map": 1646857315546,
  "controller/BaseController.js.map": 1646857315497,
  "i18n/i18n.properties": 1646857315593,
  "index.html": 1646857315656,
  "Component.js.map": 1646857315245
}