{
  "controller/Main.controller copy.js.map": 1646943845364,
  "controller/Destination.controller.js": 1646944275884,
  "controller/Transport.controller.js": 1647288939149,
  "controller/RoleCollections.controller.js": 1648554718304,
  "controller/RoleCollections.controller copy.js": 1647288894853,
  "controller/RoleColections.controller.js": 1646944312581,
  "controller/Main.controller.js": 1648152415972,
  "controller/Main.controller copy.js": 1646943845368,
  "controller/Home.controller.js": 1648554718210,
  "controller/Destinations.controller.js": 1648554718210,
  "manifest.json": 1648555281242,
  "controller/Destination.controller copy.js": 1646944213540,
  "controller/BaseController.js": 1648554718075,
  "controller/App.controller.js": 1648554718006,
  "Component.js": 1648554717964,
  "manifest-bundle.zip": 1648555281294,
  "Component-preload.js": 1648555282084,
  "controller/Destination.controller copy-dbg.js": 1646944213540,
  "controller/RoleCollections-dbg.controller.js": 1648554718304,
  "controller/RoleCollections.controller copy-dbg.js": 1647288894853,
  "controller/RoleColections-dbg.controller.js": 1646944312581,
  "controller/Main-dbg.controller.js": 1648152415972,
  "controller/Main.controller copy-dbg.js": 1646943845368,
  "controller/Home-dbg.controller.js": 1648554718210,
  "controller/Destinations-dbg.controller.js": 1648554718210,
  "controller/Destination-dbg.controller.js": 1646944275884,
  "controller/Transport-dbg.controller.js": 1647288939149,
  "controller/BaseController-dbg.js": 1648554718075,
  "controller/App-dbg.controller.js": 1648554718006,
  "Component-dbg.js": 1648554717964,
  "view/Transport.view.xml": 1647288873635,
  "view/RoleCollections.view.xml": 1648554718399,
  "view/Main.view.xml": 1648152417156,
  "view/Home.view.xml": 1648554718399,
  "view/Destinations.view.xml": 1648554718382,
  "view/Destination.view.xml": 1646944147610,
  "view/App.view.xml": 1648554718382,
  "fragment/Wizard.fragment.xml": 1648554991770,
  "fragment/UploadRoleCollections.fragment.xml": 1648555032052,
  "fragment/Transport.fragment.xml": 1648554718335,
  "fragment/SelectDestinations.fragment.xml": 1648554718320,
  "fragment/DestinationConfig.fragment.xml": 1648554718320,
  "fragment/Confirm.fragment.xml": 1648554718304,
  "fragment/Confirm.fragment copy.xml": 1647289256036,
  "controller/Transport.controller.js.map": 1647288939127,
  "controller/Transport": 1647288883683,
  "controller/RoleCollections.controller.js.map": 1648554718304,
  "controller/RoleCollections.controller copy.js.map": 1647288894821,
  "controller/RoleColections.controller.js.map": 1646944312579,
  "controller/Main.controller.js.map": 1648152415940,
  "i18n/i18n_en.properties": 1648554718351,
  "controller/Home.controller.js.map": 1648554718210,
  "controller/Destinations.controller.js.map": 1648554718199,
  "controller/Destination.controller.js.map": 1646944275882,
  "controller/Destination.controller copy.js.map": 1646944213536,
  "controller/BaseController.js.map": 1648554718073,
  "controller/App.controller.js.map": 1648554718004,
  "index.html": 1648554718351,
  "Component.js.map": 1648554717963
}