{
  "controller/BaseController.js.map": 1646598274147,
  "i18n/i18n_en.properties": 1646598274463,
  "i18n/i18n.properties": 1646598274338,
  "controller/BaseController.js": 1646598274194,
  "controller/Main.controller.js": 1646598274307,
  "manifest.json": 1646780246959,
  "controller/App.controller.js": 1646598274063,
  "Component.js": 1646598273965,
  "manifest-bundle.zip": 1646780247020,
  "Component-preload.js": 1646780247781,
  "controller/Main-dbg.controller.js": 1646598274307,
  "controller/BaseController-dbg.js": 1646598274194,
  "controller/App-dbg.controller.js": 1646598274063,
  "Component-dbg.js": 1646598273965,
  "view/Main.view.xml": 1646598274592,
  "view/App.view.xml": 1646598274560,
  "controller/Main.controller.js.map": 1646598274275,
  "i18n/i18n_de.properties": 1646598274401,
  "controller/App.controller.js.map": 1646598274035,
  "index.html": 1646598274497,
  "Component.js.map": 1646598273940
}