{
  "view/Destinations.view.xml": 1648295669099,
  "controller/Destination.controller.js": 1646944275884,
  "controller/Transport.controller.js": 1647288939149,
  "controller/RoleCollections.controller.js": 1648295430672,
  "controller/RoleCollections.controller copy.js": 1647288894853,
  "controller/RoleColections.controller.js": 1646944312581,
  "controller/Main.controller.js": 1648152415972,
  "controller/Main.controller copy.js": 1646943845368,
  "controller/Home.controller.js": 1648248131570,
  "controller/Destinations.controller.js": 1648248131523,
  "manifest.json": 1648499833092,
  "controller/Destination.controller copy.js": 1646944213540,
  "controller/BaseController.js": 1648248131397,
  "controller/App.controller.js": 1648248131319,
  "Component.js": 1648248131256,
  "manifest-bundle.zip": 1648499833164,
  "Component-preload.js": 1648499835427,
  "controller/BaseController-dbg.js": 1648248131397,
  "controller/RoleCollections-dbg.controller.js": 1648295430672,
  "controller/RoleCollections.controller copy-dbg.js": 1647288894853,
  "controller/RoleColections-dbg.controller.js": 1646944312581,
  "controller/Main-dbg.controller.js": 1648152415972,
  "controller/Main.controller copy-dbg.js": 1646943845368,
  "controller/Home-dbg.controller.js": 1648248131570,
  "controller/Destinations-dbg.controller.js": 1648248131523,
  "controller/Destination-dbg.controller.js": 1646944275884,
  "controller/Destination.controller copy-dbg.js": 1646944213540,
  "controller/Transport-dbg.controller.js": 1647288939149,
  "controller/App-dbg.controller.js": 1648248131319,
  "Component-dbg.js": 1648248131256,
  "view/Transport.view.xml": 1647288873635,
  "view/RoleCollections.view.xml": 1648295647161,
  "view/Main.view.xml": 1648152417156,
  "view/Home.view.xml": 1648295656477,
  "i18n/i18n_en.properties": 1648293898906,
  "view/Destination.view.xml": 1646944147610,
  "view/App.view.xml": 1648248131885,
  "fragment/Wizard.xml": 1647289261876,
  "fragment/Wizard.fragment.xml": 1647289352780,
  "fragment/Wizard.fragment copy.xml": 1648292542811,
  "fragment/uploadRoleCollections.fragment.xml": 1648295064133,
  "fragment/Transport.fragment.xml": 1648294875765,
  "fragment/SelectDestinations.fragment.xml": 1648294599891,
  "fragment/DestinationConfig.fragment.xml": 1648248131706,
  "fragment/Confirm.fragment.xml": 1648295097520,
  "fragment/Confirm.fragment copy.xml": 1647289256036,
  "controller/Transport.controller.js.map": 1647288939127,
  "controller/Transport": 1647288883683,
  "controller/RoleCollections.controller.js.map": 1648295430643,
  "controller/RoleCollections.controller copy.js.map": 1647288894821,
  "controller/RoleColections.controller.js.map": 1646944312579,
  "controller/Main.controller.js.map": 1648152415940,
  "controller/Main.controller copy.js.map": 1646943845364,
  "controller/Home.controller.js.map": 1648248131554,
  "controller/Destinations.controller.js.map": 1648248131523,
  "controller/Destination.controller.js.map": 1646944275882,
  "controller/Destination.controller copy.js.map": 1646944213536,
  "controller/BaseController.js.map": 1648248131381,
  "controller/App.controller.js.map": 1648248131319,
  "index.html": 1648293678370,
  "Component.js.map": 1648248131225
}